{
    "a.f.c. wimbledon":{"shortName": "Dons"},
    "abbotsford heat":{"shortName":"Heat"},
    "acadie-bathurst titan":{"shortName":"Titan"},
    "accrington stanley":{"shortName":"Stanley"},
    "adirondack flames":{"shortName":"Flames"},
    "adirondack phantoms":{"shortName":"Phantoms"},
    "albany devils":{"shortName":"Devils"},
    "aldershot town":{"shortName":"Shots"},
    "altrincham":{"shortName":"Robins"},
    "anaheim ducks":{"shortName":"Ducks", "abbreviation": "ANA", "logo": "resources/data/logos/ducks.png"},
    "arizona coyotes":{"shortName":"Coyotes", "abbreviation": "ARI", "logo": "resources/data/logos/coyotes.png"},
    "arizona diamondbacks":{"shortName":"Snakes"},
    "arsenal":{"shortName":"Gunners"},
    "aston villa":{"shortName":"Villans"},
    "atlanta braves":{"shortName":"Bravos"},
    "atlanta falcons":{"shortName":"Dirty Birds"},
    "atlanta hawks":{"shortName":"Hawks"},
    "baie-comeau drakkar":{"shortName":"Drakkar"},
    "baltimore orioles":{"shortName":"O's"},
    "baltimore ravens":{"shortName":"Old Browns"},
    "barnet":{"shortName":"Bees"},
    "barnsley":{"shortName":"Tykes"},
    "barrie colts":{"shortName":"Colts"},
    "belleville bulls":{"shortName":"Bulls"},
    "binghamton senators":{"shortName":"Senators"},
    "birmingham city":{"shortName":"Brummagem"},
    "blackburn rovers":{"shortName":"Rovers"},
    "blackpool":{"shortName":"Seasiders"},
    "blainville-boisbriand armada":{"shortName":"Armada"},
    "bolton wanderers":{"shortName":"Trotters"},
    "boston bruins":{"shortName":"Bruins", "abbreviation": "BOS", "logo": "resources/data/logos/bruins.png"},
    "boston celtics":{"shortName":"Celtics"},
    "boston red sox":{"shortName":"Sox"},
    "boston united":{"shortName":"Pilgrims"},
    "bournemouth":{"shortName":"Cherries"},
    "bradford city":{"shortName":"Bantams"},
    "brandon wheat kings":{"shortName":"Wheat Kings"},
    "brentford":{"shortName":"Bees"},
    "bridgeport sound tigers":{"shortName":"Sound Tigers"},
    "brighton &amp; hove albion":{"shortName":"Seagulls"},
    "bristol city":{"shortName":"Robins"},
    "bristol rovers":{"shortName":"Pirates"},
    "british columbia lions":{"shortName":"Leos"},
    "brooklyn nets":{"shortName":"Nets"},
    "buffalo bills":{"shortName":"B.I.L.L.S."},
    "buffalo sabres":{"shortName":"Sabres", "abbreviation": "BUF", "logo": "resources/data/logos/sabres.png"},
    "burnley":{"shortName":"Clarets"},
    "burton albion":{"shortName":"Brewers"},
    "bury":{"shortName":"Shakers"},
    "calgary flames":{"shortName":"Flames", "abbreviation": "CGY", "logo": "resources/data/logos/flames.png"},
    "calgary hitmen":{"shortName":"Hitmen"},
    "calgary stampeders":{"shortName":"Stumps"},
    "cambridge united":{"shortName":"Yellows"},
    "cape breton screaming eagles":{"shortName":"Screaming Eagles"},
    "cardiff city":{"shortName":"Bluebirds"},
    "carlisle united":{"shortName":"Cumbrians"},
    "carolina hurricanes":{"shortName":"Canes", "abbreviation": "CAR", "logo": "resources/data/logos/hurricanes.png"},
    "charlotte bobcats":{"shortName":"Bobcats"},
    "charlotte checkers":{"shortName":"Checkers"},
    "charlotte hornets":{"shortName":"Hornets"},
    "charlottetown islanders":{"shortName":"Islanders"},
    "charlton athletic":{"shortName":"Addicks"},
    "chelsea":{"shortName":"Pensioners"},
    "cheltenham town":{"shortName":"Robins"},
    "chester city":{"shortName":"Blues"},
    "chesterfield":{"shortName":"Spireites"},
    "chicago bears":{"shortName":"Monsters of the Midway"},
    "chicago blackhawks":{"shortName":"Blackhawks", "abbreviation": "CHI","logo": "resources/data/logos/blackhawks.png"},
    "chicago bulls":{"shortName":"Bulls"},
    "chicago cubs":{"shortName":"Cubs"},
    "chicago white sox":{"shortName":"White Sox"},
    "chicago wolves":{"shortName":"Wolves"},
    "chicoutimi sagueneens":{"shortName":"Sagueneens"},
    "cincinnati bengals":{"shortName":"Bungles"},
    "cincinnati reds":{"shortName":"Redlegs"},
    "cleveland browns":{"shortName":"Dawgs"},
    "cleveland cavaliers":{"shortName":"Cavs"},
    "cleveland indians":{"shortName":"Indians"},
    "colchester united":{"shortName":"U's"},
    "colorado avalanche":{"shortName":"Avalanche", "abbreviation": "COL", "logo": "resources/data/logos/avalanche.png"},
    "colorado rockies":{"shortName":"Rox"},
    "columbus blue jackets":{"shortName":"Blue Jackets", "abbreviation": "CBJ", "logo": "resources/data/logos/bluejackets.png"},
    "coventry city":{"shortName":"Sky Blues"},
    "crawley town":{"shortName":"Red Devils"},
    "crewe alexandra":{"shortName":"Railwaymen"},
    "crystal palace":{"shortName":"Eagles"},
    "dagenham &amp; redbridge":{"shortName":"Daggers"},
    "dallas cowboys":{"shortName":"Doomsday"},
    "dallas mavericks":{"shortName":"Mavs"},
    "dallas stars":{"shortName":"Stars", "abbreviation": "DAL", "logo": "resources/data/logos/stars.png"},
    "darlington":{"shortName":"Quakers"},
    "denver broncos":{"shortName":"Orange Crush"},
    "denver nuggets":{"shortName":"Nuggets"},
    "derby county":{"shortName":"Rams"},
    "detroit lions":{"shortName":"Lions"},
    "detroit pistons":{"shortName":"Pistons"},
    "detroit red wings":{"shortName":"Red Wings", "abbreviation": "DET", "logo": "resources/data/logos/redwings.png"},
    "detroit tigers":{"shortName":"Tigs"},
    "doncaster rovers":{"shortName":"Vikings"},
    "drummondville voltigeurs":{"shortName":"Voltigeurs"},
    "ebbsfleet united":{"shortName":"Fleet"},
    "edmonton eskimos":{"shortName":"Shmoes"},
    "edmonton oil kings":{"shortName":"Oil Kings"},
    "edmonton oilers":{"shortName":"Oilers", "abbreviation": "EDM", "logo": "resources/data/logos/oilers.png"},
    "erie otters":{"shortName":"Otters"},
    "everett silvertips":{"shortName":"Silvertips"},
    "everton":{"shortName":"Toffees"},
    "exeter city":{"shortName":"Grecians"},
    "f.c. united of manchester":{"shortName":"Rebels"},
    "farjestad bk":{"shortName":"BK"},
    "florida marlins":{"shortName":"Fish"},
    "florida panthers":{"shortName":"Panthers", "abbreviation": "FLA", "logo": "resources/data/logos/panthers.png"},
    "fulham":{"shortName":"Cottagers"},
    "gatineau olympiques":{"shortName":"Olympiques"},
    "gillingham":{"shortName":"Gills"},
    "gloucester city":{"shortName":"Tigers"},
    "golden state warriors":{"shortName":"Warriors"},
    "grand rapids griffins":{"shortName":"Griffins"},
    "green bay packers":{"shortName":"Pack"},
    "grimsby town":{"shortName":"Mariners"},
    "guelph storm":{"shortName":"Storm"},
    "halifax mooseheads":{"shortName":"Mooseheads"},
    "halifax town":{"shortName":"Shaymen"},
    "hamilton bulldogs":{"shortName":"Bulldogs"},
    "hamilton tiger-cats":{"shortName":"Ti-cats"},
    "hartford wolf pack ":{"shortName":"Wolf Pack"},
    "hartlepool united":{"shortName":"Pool"},
    "hartlepool united f.c.":{"shortName":"Monkey hangers"},
    "hereford united":{"shortName":"Bulls"},
    "hershey bears":{"shortName":"Bears"},
    "houston astros":{"shortName":"Astros"},
    "houston rockets":{"shortName":"Rockets"},
    "huddersfield town":{"shortName":"Terriers"},
    "hull city":{"shortName":"Tigers"},
    "indiana pacers":{"shortName":"Pacers"},
    "indianapolis colts":{"shortName":"Colts"},
    "iowa wild":{"shortName":"Wild"},
    "ipswich town":{"shortName":"Blues"},
    "ipswich town f.c.":{"shortName":"Tractor Boys"},
    "jacksonville jaguars":{"shortName":"Jags"},
    "kamloops blazers":{"shortName":"Blazers"},
    "kansas city chiefs":{"shortName":"Chefs"},
    "kansas city royals":{"shortName":"R's"},
    "kelowna rockets":{"shortName":"Rockets"},
    "kidderminster harriers":{"shortName":"Harriers"},
    "kingston frontenacs":{"shortName":"Frontenacs"},
    "kitchener rangers":{"shortName":"Rangers"},
    "kootenay ice":{"shortName":"Ice"},
    "lake erie monsters":{"shortName":"Monsters"},
    "lancaster city":{"shortName":"Dolly Blues"},
    "leeds united":{"shortName":"Mighty Whites"},
    "lehigh valley phantoms":{"shortName":"Phantoms"},
    "leicester city":{"shortName":"Foxes"},
    "lethbridge hurricanes":{"shortName":"Hurricanes"},
    "leyton orient":{"shortName":"O's"},
    "lincoln city":{"shortName":"Red Imps"},
    "liverpool":{"shortName":"Reds"},
    "london knights":{"shortName":"Knights"},
    "los angeles angels of anaheim":{"shortName":"Wings"},
    "los angeles clippers":{"shortName":"Clippers"},
    "los angeles dodgers":{"shortName":"Los Doyers"},
    "los angeles kings":{"shortName":"Kings", "abbreviation": "LAK", "logo": "resources/data/logos/kings.png"},
    "los angeles lakers":{"shortName":"Lakers"},
    "luton town":{"shortName":"Hatters"},
    "macclesfield town":{"shortName":"Silkmen"},
    "manchester city":{"shortName":"Sky Blues"},
    "manchester monarchs":{"shortName":"Monarchs"},
    "manchester united f.c.":{"shortName":"Red Devils"},
    "mansfield town":{"shortName":"Stags"},
    "medicine hat tigers":{"shortName":"Hat Tigers"},
    "memphis grizzlies":{"shortName":"Grizzlies"},
    "miami dolphins":{"shortName":"Fish"},
    "miami heat":{"shortName":"Heat"},
    "middlesbrough":{"shortName":"Boro"},
    "mighty ducks":{"shortName":"Ducks", "abbreviation": "ANA", "logo": "resources/data/logos/ducks.png"},
    "mighty ducks of anaheim":{"shortName":"Ducks", "abbreviation": "ANA", "logo": "resources/data/logos/ducks.png"},
    "millwall":{"shortName":"Lions"},
    "milton keynes dons":{"shortName":"Dons"},
    "milwaukee admirals":{"shortName":"Admirals"},
    "milwaukee brewers":{"shortName":"True Blue Brew Crew"},
    "milwaukee bucks":{"shortName":"Bucks"},
    "minnesota timberwolves":{"shortName":"T'Wolves"},
    "minnesota twins":{"shortName":"Twinkies"},
    "minnesota vikings":{"shortName":"Vikes"},
    "minnesota wild":{"shortName":"Wild", "abbreviation": "MIN", "logo": "resources/data/logos/wild.png"},
    "mississauga steelheads":{"shortName":"Steelheads"},
    "moncton wildcats":{"shortName":"Wildcats"},
    "montreal alouettes":{"shortName":"Als"},
    "montreal canadiens":{"shortName":"Canadiens", "abbreviation": "MTL", "logo": "resources/data/logos/canadiens.png"},
    "moose jaw warriors":{"shortName":"Warriors"},
    "morecambe":{"shortName":"Shrimps"},
    "nashville predators":{"shortName":"Predators", "abbreviation": "NSH", "logo": "resources/data/logos/predators.png"},
    "new england patriots":{"shortName":"Pats"},
    "new jersey devils":{"shortName":"Devils", "abbreviation": "NJD", "logo": "resources/data/logos/devils.png"},
    "new orleans pelicans":{"shortName":"Pelicans"},
    "new orleans saints":{"shortName":"Sinners"},
    "new york giants":{"shortName":"New York Football Giants"},
    "new york islanders":{"shortName":"Islanders", "abbreviation": "NYI", "logo": "resources/data/logos/islanders.png"},
    "new york jets":{"shortName":"Jest"},
    "new york knickerbockers":{"shortName":"Knicks"},
    "new york knicks":{"shortName":"Knicks"},
    "new york mets":{"shortName":"Pondscums"},
    "new york rangers":{"shortName":"Rangers", "abbreviation": "NYR", "logo": "resources/data/logos/rangers.png"},
    "new york yankees":{"shortName":"Yanks"},
    "newcastle united":{"shortName":"Toon"},
    "niagara ice dogs":{"shortName":"Ice Dogs"},
    "norfolk admirals":{"shortName":"Admirals"},
    "north bay battalion":{"shortName":"Battalion"},
    "northampton town":{"shortName":"Cobblers"},
    "northwich victoria":{"shortName":"Vics"},
    "norwich city":{"shortName":"Canaries"},
    "nottingham forest":{"shortName":"Reds"},
    "nottingham forest f.c.":{"shortName":"Tricky Trees"},
    "notts county":{"shortName":"Magpies"},
    "oakland athletics":{"shortName":"White Elephants"},
    "oakland raiders":{"shortName":"Silver and Black"},
    "oklahoma city barons":{"shortName":"Barons"},
    "oklahoma city thunder":{"shortName":"Thunder"},
    "oldham athletic":{"shortName":"Latics"},
    "orlando magic":{"shortName":"Magic"},
    "oshawa generals":{"shortName":"Generals"},
    "ottawa 67s":{"shortName":"67s"},
    "ottawa renegades":{"shortName":"'Gades"},
    "ottawa senators":{"shortName":"Senators", "abbreviation" : "OTT", "logo": "resources/data/logos/senators.png"},
    "owen sound attack":{"shortName":"Attack"},
    "oxford united":{"shortName":"U's"},
    "pei rocket":{"shortName":"Rocket"},
    "peterborough petes":{"shortName":"Petes"},
    "peterborough united":{"shortName":"Posh"},
    "philadelphia 76ers":{"shortName":"Sixers"},
    "philadelphia eagles":{"shortName":"Sheagles"},
    "philadelphia flyers":{"shortName":"Flyers", "abbreviation": "PHI", "logo": "resources/data/logos/flyers.png"},
    "philadelphia phillies":{"shortName":"Whiz Kids"},
    "phoenix coyotes":{"shortName":"Coyotes", "abbreviation": "PHX", "logo": "resources/data/logos/coyotes.png"},
    "phoenix suns":{"shortName":"Suns"},
    "pittsburgh penguins":{"shortName":"Penguins", "abbreviation": "PIT", "logo": "resources/data/logos/penguins.png"},
    "pittsburgh pirates":{"shortName":"Bucs"},
    "pittsburgh steelers":{"shortName":"Steel Curtain"},
    "plymouth argyle":{"shortName":"Pilgrims"},
    "plymouth whalers":{"shortName":"Whalers"},
    "port vale":{"shortName":"Valiants"},
    "portland pirates":{"shortName":"Pirates"},
    "portland trail blazers":{"shortName":"Blazers"},
    "portland winterhawks":{"shortName":"Winterhawks"},
    "portsmouth":{"shortName":"Pompey"},
    "preston north end":{"shortName":"Lilywhites"},
    "prince albert raiders":{"shortName":"Raiders"},
    "prince george cougars":{"shortName":"Cougars"},
    "providence bruins":{"shortName":"Bruins"},
    "quebec remparts":{"shortName":"Remparts"},
    "queens park rangers":{"shortName":"Super Hoops"},
    "reading":{"shortName":"Royals"},
    "red deer rebels":{"shortName":"Rebels"},
    "regina pats":{"shortName":"Pats"},
    "rimouski oceanic":{"shortName":"Oceanic"},
    "rochdale":{"shortName":"Dale"},
    "rochester americans":{"shortName":"Americans"},
    "rockford icehogs":{"shortName":"IceHogs"},
    "rotherham united":{"shortName":"Millers"},
    "rouyn-noranda huskies":{"shortName":"Huskies"},
    "rushden &amp; diamonds":{"shortName":"Diamonds"},
    "sacramento kings":{"shortName":"Kings"},
    "saginaw spirit":{"shortName":"Spirit"},
    "saint john sea dogs":{"shortName":"Sea Dogs"},
    "saint louis rams":{"shortName":"Rammers"},
    "san antonio rampage":{"shortName":"Rampage"},
    "san antonio spurs":{"shortName":"Spurs"},
    "san diego chargers":{"shortName":"Bolts"},
    "san diego padres":{"shortName":"Pads"},
    "san francisco 49ers":{"shortName":"Niners"},
    "san francisco giants":{"shortName":"Orange Nation"},
    "san jose sharks":{"shortName":"Sharks", "abbreviation": "SJS", "logo": "resources/data/logos/sharks.png"},
    "sarnia sting":{"shortName":"Sting"},
    "saskatchewan roughriders":{"shortName":"Riders"},
    "saskatoon blades":{"shortName":"Blades"},
    "sault ste marie greyhounds ":{"shortName":"Greyhounds"},
    "scunthorpe united":{"shortName":"Iron"},
    "seattle mariners":{"shortName":"M's"},
    "seattle supersonics":{"shortName":"Supes"},
    "seattle thunderbirds":{"shortName":"Thunderbirds"},
    "shawinigan cataractes":{"shortName":"Cataractes"},
    "sheffield f.c.":{"shortName":"Club"},
    "sheffield united":{"shortName":"Blades"},
    "sheffield wednesday":{"shortName":"Owls"},
    "sherbrooke phoenix":{"shortName":"Phoenix"},
    "shrewsbury town":{"shortName":"Shrews"},
    "southampton":{"shortName":"Saints"},
    "southend":{"shortName":"Shrimpers"},
    "southport":{"shortName":"Sandgrounders"},
    "spokane chiefs":{"shortName":"Chiefs"},
    "springfield falcons":{"shortName":"Falcons"},
    "st albans city":{"shortName":"Saints"},
    "st johns icecaps":{"shortName":"IceCaps"},
    "st louis blues":{"shortName":"Blues", "abbreviation": "STL", "logo": "resources/data/logos/blues.png"},
    "st. louis blues":{"shortName":"Blues"},
    "st. louis cardinals":{"shortName":"Runnin' Redbirds"},
    "stockport county":{"shortName":"Hatters"},
    "stoke city":{"shortName":"Potters"},
    "sudbury wolves":{"shortName":"Wolves"},
    "sunderland":{"shortName":"Black Cats"},
    "swansea city":{"shortName":"Swans"},
    "swift current broncos":{"shortName":"Broncos"},
    "swindon town":{"shortName":"Robins"},
    "syracuse crunch":{"shortName":"Crunch"},
    "tampa bay buccaneers":{"shortName":"Bucs"},
    "tampa bay lightning":{"shortName":"Lightning", "abbreviation": "TBL", "logo": "resources/data/logos/lightning.png"},
    "tampa bay rays":{"shortName":"Rays"},
    "tamworth":{"shortName":"Lambs"},
    "team cherry":{"shortName":"Cherry"},
    "team orr":{"shortName":"Orr"},
    "tennessee titans":{"shortName":"Oilers"},
    "texas rangers":{"shortName":"Lone Stars"},
    "texas stars":{"shortName":"Stars"},
    "toronto argonauts":{"shortName":"Double Blue"},
    "toronto blue jays":{"shortName":"Jays"},
    "toronto maple leafs":{"shortName":"Maple Leafs","abbreviation": "TOR", "logo": "resources/data/logos/mapleleafs.png"},
    "toronto marlies":{"shortName":"Marlies"},
    "toronto raptors":{"shortName":"Raptors"},
    "torquay united":{"shortName":"Gulls"},
    "tottenham hotspur":{"shortName":"Spurs"},
    "tranmere rovers":{"shortName":"Rovers"},
    "tri-city americans":{"shortName":"Americans"},
    "utah jazz":{"shortName":"Jazz"},
    "utica comets":{"shortName":"Comets"},
    "val-dor foreurs":{"shortName":"Foreurs"},
    "vancouver canucks":{"shortName":"Canucks", "abbreviation": "VAN", "logo": "resources/data/logos/canucks.png"},
    "vancouver giants":{"shortName":"Giants"},
    "victoria royals":{"shortName":"Royals"},
    "victoriaville tigres":{"shortName":"Tigres"},
    "walsall":{"shortName":"Saddlers"},
    "washington capitals":{"shortName":"Capitals","abbreviation":"WSH", "logo": "resources/data/logos/capitals.png"},
    "washington nationals":{"shortName":"Nats"},
    "washington redskins":{"shortName":"'Skins"},
    "washington wizards":{"shortName":"Wizards"},
    "watford":{"shortName":"Hornets"},
    "west bromwich albion":{"shortName":"Baggies"},
    "west ham united":{"shortName":"Irons"},
    "weymouth":{"shortName":"Terras"},
    "wigan athletic":{"shortName":"Latics"},
    "wilkes-barre scranton penguins":{"shortName":"Penguins"},
    "windsor spitfires":{"shortName":"Spitfires"},
    "winnipeg blue bombers":{"shortName":"Bummers"},
    "winnipeg jets":{"shortName":"Jets", "abbreviation": "WPG", "logo": "resources/data/logos/jets.png"},
    "woking":{"shortName":"Cardinals"},
    "wolverhampton wanderers":{"shortName":"Wolves"},
    "worcester sharks":{"shortName":"Sharks"},
    "wrexham":{"shortName":"Robins"},
    "wycombe wanderers":{"shortName":"Chairboys"},
    "yeovil town":{"shortName":"Glovers"},
    "york city":"Minstermen"
}
