{
    "a.f.c. wimbledon":"Dons",
    "abbotsford heat":"Heat",
    "acadie-bathurst titan":"Titan",
    "accrington stanley":"Stanley",
    "adirondack flames":"Flames",
    "adirondack phantoms":"Phantoms",
    "albany devils":"Devils",
    "aldershot town":"Shots",
    "altrincham":"Robins",
    "anaheim ducks":"Ducks",
    "arizona coyotes":"Coyotes",
    "arizona diamondbacks":"Snakes",
    "arsenal":"Gunners",
    "aston villa":"Villans",
    "atlanta braves":"Bravos",
    "atlanta falcons":"Dirty Birds",
    "atlanta hawks":"Hawks",
    "baie-comeau drakkar":"Drakkar",
    "baltimore orioles":"O's",
    "baltimore ravens":"Old Browns",
    "barnet":"Bees",
    "barnsley":"Tykes",
    "barrie colts":"Colts",
    "belleville bulls":"Bulls",
    "binghamton senators":"Senators",
    "birmingham city":"Brummagem",
    "blackburn rovers":"Rovers",
    "blackpool":"Seasiders",
    "blainville-boisbriand armada":"Armada",
    "bolton wanderers":"Trotters",
    "boston bruins":"Bruins",
    "boston celtics":"Celtics",
    "boston red sox":"Sox",
    "boston united":"Pilgrims",
    "bournemouth":"Cherries",
    "bradford city":"Bantams",
    "brandon wheat kings":"Wheat Kings",
    "brentford":"Bees",
    "bridgeport sound tigers":"Sound Tigers",
    "brighton &amp; hove albion":"Seagulls",
    "bristol city":"Robins",
    "bristol rovers":"Pirates",
    "british columbia lions":"Leos",
    "brooklyn nets":"Nets",
    "buffalo bills":"B.I.L.L.S.",
    "buffalo sabres":"Sabres",
    "burnley":"Clarets",
    "burton albion":"Brewers",
    "bury":"Shakers",
    "calgary flames":"Flames",
    "calgary hitmen":"Hitmen",
    "calgary stampeders":"Stumps",
    "cambridge united":"Yellows",
    "cape breton screaming eagles":"Screaming Eagles",
    "cardiff city":"Bluebirds",
    "carlisle united":"Cumbrians",
    "carolina hurricanes":"Canes",
    "charlotte bobcats":"Bobcats",
    "charlotte checkers":"Checkers",
    "charlotte hornets":"Hornets",
    "charlottetown islanders":"Islanders",
    "charlton athletic":"Addicks",
    "chelsea":"Pensioners",
    "cheltenham town":"Robins",
    "chester city":"Blues",
    "chesterfield":"Spireites",
    "chicago bears":"Monsters of the Midway",
    "chicago blackhawks":"Blackhawks",
    "chicago bulls":"Bulls",
    "chicago cubs":"Cubs",
    "chicago white sox":"White Sox",
    "chicago wolves":"Wolves",
    "chicoutimi sagueneens":"Sagueneens",
    "cincinnati bengals":"Bungles",
    "cincinnati reds":"Redlegs",
    "cleveland browns":"Dawgs",
    "cleveland cavaliers":"Cavs",
    "cleveland indians":"Indians",
    "colchester united":"U's",
    "colorado avalanche":"Avalanche",
    "colorado rockies":"Rox",
    "columbus blue jackets":"Blue Jackets",
    "coventry city":"Sky Blues",
    "crawley town":"Red Devils",
    "crewe alexandra":"Railwaymen",
    "crystal palace":"Eagles",
    "dagenham &amp; redbridge":"Daggers",
    "dallas cowboys":"Doomsday",
    "dallas mavericks":"Mavs",
    "dallas stars":"Stars",
    "darlington":"Quakers",
    "denver broncos":"Orange Crush",
    "denver nuggets":"Nuggets",
    "derby county":"Rams",
    "detroit lions":"Lions",
    "detroit pistons":"Pistons",
    "detroit red wings":"Red Wings",
    "detroit tigers":"Tigs",
    "doncaster rovers":"Vikings",
    "drummondville voltigeurs":"Voltigeurs",
    "ebbsfleet united":"Fleet",
    "edmonton eskimos":"Shmoes",
    "edmonton oil kings":"Oil Kings",
    "edmonton oilers":"Oilers",
    "erie otters":"Otters",
    "everett silvertips":"Silvertips",
    "everton":"Toffees",
    "exeter city":"Grecians",
    "f.c. united of manchester":"Rebels",
    "farjestad bk":"BK",
    "florida marlins":"Fish",
    "florida panthers":"Panthers",
    "fulham":"Cottagers",
    "gatineau olympiques":"Olympiques",
    "gillingham":"Gills",
    "gloucester city":"Tigers",
    "golden state warriors":"Warriors",
    "grand rapids griffins":"Griffins",
    "green bay packers":"Pack",
    "grimsby town":"Mariners",
    "guelph storm":"Storm",
    "halifax mooseheads":"Mooseheads",
    "halifax town":"Shaymen",
    "hamilton bulldogs":"Bulldogs",
    "hamilton tiger-cats":"Ti-cats",
    "hartford wolf pack ":"Wolf Pack",
    "hartlepool united":"Pool",
    "hartlepool united f.c.":"Monkey hangers",
    "hereford united":"Bulls",
    "hershey bears":"Bears",
    "houston astros":"Astros",
    "houston rockets":"Rockets",
    "huddersfield town":"Terriers",
    "hull city":"Tigers",
    "indiana pacers":"Pacers",
    "indianapolis colts":"Colts",
    "iowa wild":"Wild",
    "ipswich town":"Blues",
    "ipswich town f.c.":"Tractor Boys",
    "jacksonville jaguars":"Jags",
    "kamloops blazers":"Blazers",
    "kansas city chiefs":"Chefs",
    "kansas city royals":"R's",
    "kelowna rockets":"Rockets",
    "kidderminster harriers":"Harriers",
    "kingston frontenacs":"Frontenacs",
    "kitchener rangers":"Rangers",
    "kootenay ice":"Ice",
    "lake erie monsters":"Monsters",
    "lancaster city":"Dolly Blues",
    "leeds united":"Mighty Whites",
    "lehigh valley phantoms":"Phantoms",
    "leicester city":"Foxes",
    "lethbridge hurricanes":"Hurricanes",
    "leyton orient":"O's",
    "lincoln city":"Red Imps",
    "liverpool":"Reds",
    "london knights":"Knights",
    "los angeles angels of anaheim":"Wings",
    "los angeles clippers":"Clippers",
    "los angeles dodgers":"Los Doyers",
    "los angeles kings":"Kings",
    "los angeles lakers":"Lakers",
    "luton town":"Hatters",
    "macclesfield town":"Silkmen",
    "manchester city":"Sky Blues",
    "manchester monarchs":"Monarchs",
    "manchester united f.c.":"Red Devils",
    "mansfield town":"Stags",
    "medicine hat tigers":"Hat Tigers",
    "memphis grizzlies":"Grizzlies",
    "miami dolphins":"Fish",
    "miami heat":"Heat",
    "middlesbrough":"Boro",
    "mighty ducks":"Ducks",
    "mighty ducks of anaheim":"Ducks",
    "millwall":"Lions",
    "milton keynes dons":"Dons",
    "milwaukee admirals":"Admirals",
    "milwaukee brewers":"True Blue Brew Crew",
    "milwaukee bucks":"Bucks",
    "minnesota timberwolves":"T'Wolves",
    "minnesota twins":"Twinkies",
    "minnesota vikings":"Vikes",
    "minnesota wild":"Wild",
    "mississauga steelheads":"Steelheads",
    "moncton wildcats":"Wildcats",
    "montreal alouettes":"Als",
    "montreal canadiens":"Canadiens",
    "moose jaw warriors":"Warriors",
    "morecambe":"Shrimps",
    "nashville predators":"Predators",
    "new england patriots":"Pats",
    "new jersey devils":"Devils",
    "new orleans pelicans":"Pelicans",
    "new orleans saints":"Sinners",
    "new york giants":"New York Football Giants",
    "new york islanders":"Islanders",
    "new york jets":"Jest",
    "new york knickerbockers":"Knicks",
    "new york knicks":"Knicks",
    "new york mets":"Pondscums",
    "new york rangers":"Rangers",
    "new york yankees":"Yanks",
    "newcastle united":"Toon",
    "niagara ice dogs":"Ice Dogs",
    "norfolk admirals":"Admirals",
    "north bay battalion":"Battalion",
    "northampton town":"Cobblers",
    "northwich victoria":"Vics",
    "norwich city":"Canaries",
    "nottingham forest":"Reds",
    "nottingham forest f.c.":"Tricky Trees",
    "notts county":"Magpies",
    "oakland athletics":"White Elephants",
    "oakland raiders":"Silver and Black",
    "oklahoma city barons":"Barons",
    "oklahoma city thunder":"Thunder",
    "oldham athletic":"Latics",
    "orlando magic":"Magic",
    "oshawa generals":"Generals",
    "ottawa 67s":"67s",
    "ottawa renegades":"'Gades",
    "ottawa senators":"Senators",
    "owen sound attack":"Attack",
    "oxford united":"U's",
    "pei rocket":"Rocket",
    "peterborough petes":"Petes",
    "peterborough united":"Posh",
    "philadelphia 76ers":"Sixers",
    "philadelphia eagles":"Sheagles",
    "philadelphia flyers":"Flyers",
    "philadelphia phillies":"Whiz Kids",
    "phoenix coyotes":"Coyotes",
    "phoenix suns":"Suns",
    "pittsburgh penguins":"Penguins",
    "pittsburgh pirates":"Bucs",
    "pittsburgh steelers":"Steel Curtain",
    "plymouth argyle":"Pilgrims",
    "plymouth whalers":"Whalers",
    "port vale":"Valiants",
    "portland pirates":"Pirates",
    "portland trail blazers":"Blazers",
    "portland winterhawks":"Winterhawks",
    "portsmouth":"Pompey",
    "preston north end":"Lilywhites",
    "prince albert raiders":"Raiders",
    "prince george cougars":"Cougars",
    "providence bruins":"Bruins",
    "quebec remparts":"Remparts",
    "queens park rangers":"Super Hoops",
    "reading":"Royals",
    "red deer rebels":"Rebels",
    "regina pats":"Pats",
    "rimouski oceanic":"Oceanic",
    "rochdale":"Dale",
    "rochester americans":"Americans",
    "rockford icehogs":"IceHogs",
    "rotherham united":"Millers",
    "rouyn-noranda huskies":"Huskies",
    "rushden &amp; diamonds":"Diamonds",
    "sacramento kings":"Kings",
    "saginaw spirit":"Spirit",
    "saint john sea dogs":"Sea Dogs",
    "saint louis rams":"Rammers",
    "san antonio rampage":"Rampage",
    "san antonio spurs":"Spurs",
    "san diego chargers":"Bolts",
    "san diego padres":"Pads",
    "san francisco 49ers":"Niners",
    "san francisco giants":"Orange Nation",
    "san jose sharks":"Sharks",
    "sarnia sting":"Sting",
    "saskatchewan roughriders":"Riders",
    "saskatoon blades":"Blades",
    "sault ste marie greyhounds ":"Greyhounds",
    "scunthorpe united":"Iron",
    "seattle mariners":"M's",
    "seattle supersonics":"Supes",
    "seattle thunderbirds":"Thunderbirds",
    "shawinigan cataractes":"Cataractes",
    "sheffield f.c.":"Club",
    "sheffield united":"Blades",
    "sheffield wednesday":"Owls",
    "sherbrooke phoenix":"Phoenix",
    "shrewsbury town":"Shrews",
    "southampton":"Saints",
    "southend":"Shrimpers",
    "southport":"Sandgrounders",
    "spokane chiefs":"Chiefs",
    "springfield falcons":"Falcons",
    "st albans city":"Saints",
    "st johns icecaps":"IceCaps",
    "st louis blues":"Blues",
    "st. louis blues":"Blues",
    "st. louis cardinals":"Runnin' Redbirds",
    "stockport county":"Hatters",
    "stoke city":"Potters",
    "sudbury wolves":"Wolves",
    "sunderland":"Black Cats",
    "swansea city":"Swans",
    "swift current broncos":"Broncos",
    "swindon town":"Robins",
    "syracuse crunch":"Crunch",
    "tampa bay buccaneers":"Bucs",
    "tampa bay lightning":"Lightning",
    "tampa bay rays":"Rays",
    "tamworth":"Lambs",
    "team cherry":"Cherry",
    "team orr":"Orr",
    "tennessee titans":"Oilers",
    "texas rangers":"Lone Stars",
    "texas stars":"Stars",
    "toronto argonauts":"Double Blue",
    "toronto blue jays":"Jays",
    "toronto maple leafs":"Maple Leafs",
    "toronto marlies":"Marlies",
    "toronto raptors":"Raptors",
    "torquay united":"Gulls",
    "tottenham hotspur":"Spurs",
    "tranmere rovers":"Rovers",
    "tri-city americans":"Americans",
    "utah jazz":"Jazz",
    "utica comets":"Comets",
    "val-dor foreurs":"Foreurs",
    "vancouver canucks":"Canucks",
    "vancouver giants":"Giants",
    "victoria royals":"Royals",
    "victoriaville tigres":"Tigres",
    "walsall":"Saddlers",
    "washington capitals":"Capitals",
    "washington nationals":"Nats",
    "washington redskins":"'Skins",
    "washington wizards":"Wizards",
    "watford":"Hornets",
    "west bromwich albion":"Baggies",
    "west ham united":"Irons",
    "weymouth":"Terras",
    "wigan athletic":"Latics",
    "wilkes-barre scranton penguins":"Penguins",
    "windsor spitfires":"Spitfires",
    "winnipeg blue bombers":"Bummers",
    "winnipeg jets":"Jets",
    "woking":"Cardinals",
    "wolverhampton wanderers":"Wolves",
    "worcester sharks":"Sharks",
    "wrexham":"Robins",
    "wycombe wanderers":"Chairboys",
    "yeovil town":"Glovers",
    "york city":"Minstermen"
}